Id,timestep,cb,co,ram,iva,f@mcp,ram@mcp,ALBE,ALDE,AT,BE,CZ,DE,FR,HR,HU,NL,PL,RO,SI,SK
52770549,2022/09/17 22:00:00,Ernsthofen 2 - Hausruck 203C DIRECT,Kronstorf - St. Peter 1 431,205.0,0.0,-53.26743100000002,258.26743100000004,-0.05364,-0.05397,-0.05045,-0.05357,-0.01574,-0.05415,-0.05245,-0.00096,0.00217,-0.05359,-0.0215,0.0002,-0.00286,-0.00278
52770825,2022/09/17 22:00:00,Neusiedl - Gyoer 246B DIRECT,Gyor - Wien Wien Suedost - Gyoer 245,132.0,0.0,56.402598000000026,75.59740199999997,0.02663,0.02657,0.04054,0.02666,0.02501,0.02682,0.02681,0.01268,-0.01278,0.02652,0.01528,-0.00108,0.02158,0.00627
52770830,2022/09/17 22:00:00,Obersielach - Podlog 247 OPPOSITE,Kainachtal - Obersielach 471,346.0,0.0,-71.26599700000001,417.265997,-0.04012,-0.04044,-0.08143,-0.04003,-0.03471,-0.04253,-0.03882,0.02899,-0.01565,-0.04024,-0.03071,-0.00163,0.04934,-0.0244
52770841,2022/09/17 22:00:00,Obersielach - Podlog 247 DIRECT,400 kV Cirkovce - Podlog,410.0,0.0,102.221455,307.778545,0.03541,0.03606,0.07455,0.03521,0.03624,0.03844,0.03299,-0.03698,0.01965,0.03581,0.03155,0.00214,-0.07883,0.0277
52770842,2022/09/17 22:00:00,Obersielach - Podlog 247 OPPOSITE,400 kV Cirkovce - Podlog,398.0,0.0,-102.221455,500.221455,-0.03541,-0.03606,-0.07455,-0.03521,-0.03624,-0.03844,-0.03299,0.03698,-0.01965,-0.03581,-0.03155,-0.00214,0.07883,-0.0277
52770887,2022/09/17 22:00:00,St. Peter 2 - Pleinting 258 ,Pirach - St. Peter 256 Pirach - St. Peter 256,467.0,0.0,-172.10674899999998,639.106749,-0.08287,-0.08336,0.01322,-0.08279,-0.02379,-0.08337,-0.08096,-0.00055,0.00267,-0.0827,-0.03295,0.00024,-0.00276,-0.00447
52770928,2022/09/17 22:00:00,Rosegg - Villach Sued 267B DIRECT,Feistritz - Villach 266C,235.0,0.0,-29.351997000000054,264.35199700000004,-0.05389,-0.05308,-0.07997,-0.05416,-0.0233,-0.05507,-0.05633,0.00758,-0.0031,-0.05301,-0.02472,-0.00028,0.01134,-0.01064
52770966,2022/09/17 22:00:00,Vill_Thaur - Silz 273C DIRECT,Vill_Thaur - Silz 274C Vill_Thaur - Silz 274C Vill_Thaur - Silz 274C Vill_Thaur - Silz 274C,539.0,0.0,-180.57257700000002,719.572577,-0.03804,-0.0379,0.07068,-0.03811,-0.01255,-0.04465,-0.03789,0.00318,-0.00089,-0.03762,-0.01555,-9e-05,0.00463,-0.00502
52770974,2022/09/17 22:00:00,Thaur - Y_Vill 273C-THA DIRECT,Thaur - Y_Vill 274C-THA,513.0,0.0,-189.558816,702.558816,-0.04325,-0.04309,0.06484,-0.04333,-0.01427,-0.05077,-0.04309,0.00362,-0.00102,-0.04278,-0.01769,-0.00011,0.00527,-0.00571
52771104,2022/09/17 22:00:00, Meiningen - Ruetli 408 DIRECT,Meiningen - Ruetli 407,496.0,0.0,171.60016499999992,324.39983500000005,-0.04154,-0.03348,0.0979,-0.04388,0.00058,-0.00383,-0.06391,-0.00331,0.00219,-0.03575,-0.00412,0.00025,-0.00635,0.00158
52771226,2022/09/17 22:00:00,Duernrohr 1 - Slavetice 437 DIRECT,Slavetice - Durnrohr - V438  Duernrohr 1 - Slavetice 438,2213.0,0.0,-691.2950850000002,2904.295085,-0.03986,-0.0424,0.06978,-0.03901,-0.20852,-0.04403,-0.03156,0.0315,-0.00824,-0.04246,-0.08661,-0.00114,0.04525,-0.07915
52771227,2022/09/17 22:00:00,Duernrohr 1 - Slavetice 437 OPPOSITE,Slavetice - Durnrohr - V438  Duernrohr 1 - Slavetice 438,1489.0,0.0,691.2950850000002,797.7049149999998,0.03986,0.0424,-0.06978,0.03901,0.20852,0.04403,0.03156,-0.0315,0.00824,0.04246,0.08661,0.00114,-0.04525,0.07915
52771261,2022/09/17 22:00:00,Sarasdorf - Zurndorf 439A OPPOSITE,Sarasdorf - Zurndorf 440A,1068.0,0.0,-356.8461410000001,1424.846141,-0.15607,-0.15622,-0.20723,-0.15607,-0.16221,-0.15807,-0.15544,-0.04901,0.04179,-0.15585,-0.09041,0.00354,-0.09649,-0.01886
52771443,2022/09/17 22:00:00,Obersielach - Obersielach OSRHU43 OPPOSITE,Obersielach - Obersielach OSRHU41,262.0,0.0,9.84608600000002,252.153914,-0.0349,-0.03444,-0.07833,-0.03506,-0.01443,-0.03571,-0.03629,0.00096,0.00011,-0.03437,-0.0151,8e-05,-3e-05,-0.0051
52771504,2022/09/17 22:00:00,Tauern - Tauern TAPST DIRECT,Tauern - Weissenbach 221,174.0,0.0,80.933272,93.066728,-0.00536,-0.00405,-0.04896,-0.00577,0.01144,-0.00745,-0.00933,-0.007,0.00383,-0.00423,0.00607,0.00039,-0.01182,0.00693
52771508,2022/09/17 22:00:00,Tauern - Tauern TAPST DIRECT,Westtirol 1 - Westtirol 2 WTRHU41,168.0,0.0,87.481976,80.518024,0.00224,0.00346,-0.0486,0.00187,0.01329,-0.00075,-0.00154,-0.00709,0.0037,0.00324,0.00871,0.00038,-0.01182,0.00747
52771578,2022/09/17 22:00:00,Westtirol 1 - Westtirol 2 WTRHU41 DIRECT,Westtirol 2 - Voehringen 411 Westtirol - Voehringen FUESSN W,199.0,0.0,56.993682000000064,142.00631799999994,0.05786,0.05777,-0.0713,0.05797,0.01449,0.03649,0.05729,-0.00322,0.00062,0.05703,0.02025,7e-05,-0.00444,0.00569
52771606,2022/09/17 22:00:00,Zell am Ziller 1 - Zell am Ziller 2 ZZRHU41 DIRECT,Zell am Ziller 1 - Zell am Ziller 2 ZZRHU42,743.0,0.0,-263.9657620000001,1006.965762,-0.10176,-0.10127,-0.00839,-0.10199,-0.03305,-0.11646,-0.10172,0.0083,-0.00229,-0.10054,-0.04118,-0.00024,0.01204,-0.01319
52771720,2022/09/17 22:00:00,Achene - Lonny 380.19 OPPOSITE,Avelgem - Mastaing 380.79 Avelgem - Mastaing 380.79,1315.0,0.0,-1104.078883,2419.078883,-0.22089,-0.06418,0.00566,-0.20556,-0.00888,-0.01871,0.11125,0.00481,-0.00206,-0.11184,-0.01231,-0.00024,0.00807,-0.00502
52772646,2022/09/17 22:00:00,Gramme - Achene 380.10 OPPOSITE,Avelgem - Mastaing 380.79 Avelgem - Mastaing 380.79,1517.0,0.0,1104.078883,412.9211170000001,0.22089,0.06418,-0.00566,0.20556,0.00888,0.01871,-0.11125,-0.00481,0.00206,0.11184,0.01231,0.00024,-0.00807,0.00502
52772838,2022/09/17 22:00:00,Lixhe - Gramme 380.11 DIRECT,Y-Van Eyck (-Andre Dumont - Gramme) 380.12 Y-Andre Dumont (-Gramme - Van Eyck) 380.12 Y-Gramme (-Andre Dumont - Van Eyck) 380.12,1016.0,0.0,-405.632534,1421.632534,-0.40939,-0.03524,0.00276,0.12979,-0.00416,-0.00864,0.04933,0.00225,-0.00096,-0.0281,-0.00577,-0.00011,0.00377,-0.00235
52773172,2022/09/17 22:00:00,PST Van Eyck 2 DIRECT,Achene - Lonny 380.19 Achene - Lonny 19,1783.0,0.0,-522.0508279999998,2305.050828,-0.52257,0.04283,-0.00316,-0.27515,0.00475,0.00975,-0.05716,-0.00256,0.0011,0.01732,0.00656,0.00013,-0.0043,0.00268
52773201,2022/09/17 22:00:00,PST Van Eyck 2 DIRECT,PST Van Eyck 1,1800.0,0.0,-251.20408299999997,2051.204083,-0.4765,0.06797,-0.00515,-0.261,0.00787,0.0162,-0.09485,-0.00425,0.00182,0.04183,0.01086,0.00021,-0.00712,0.00443
52773217,2022/09/17 22:00:00,PST Van Eyck 2 OPPOSITE,Y-Courcelles (-Gramme - Tergnee) 380.31 Y-Gramme (-Courcelles - Tergnee) 380.31 Y-Tergnee (-Courcelles -Gramme) 380.31,1014.0,0.0,279.524682,734.475318,0.47748,-0.05826,0.00459,0.22273,-0.00685,-0.01422,0.08028,0.0037,-0.00158,-0.04662,-0.0095,-0.00019,0.0062,-0.00386
52773224,2022/09/17 22:00:00,PST Van Eyck 2 OPPOSITE,Gramme - Achene 380.10,1049.0,0.0,522.0508279999998,526.9491720000002,0.52257,-0.04283,0.00316,0.27515,-0.00475,-0.00975,0.05716,0.00256,-0.0011,-0.01732,-0.00656,-0.00013,0.0043,-0.00268
52773236,2022/09/17 22:00:00,PST Van Eyck 2 OPPOSITE,PST Van Eyck 1,1045.0,0.0,251.20408299999997,793.795917,0.4765,-0.06797,0.00515,0.261,-0.00787,-0.0162,0.09485,0.00425,-0.00182,-0.04183,-0.01086,-0.00021,0.00712,-0.00443
52773273,2022/09/17 22:00:00,PST Zandvliet 1 DIRECT,PST Zandvliet 2,1293.0,0.0,34.0723110000001,1258.9276889999999,-0.08552,0.03316,-0.00441,-0.18148,0.00633,0.01416,-0.07926,-0.00344,0.00146,0.16996,0.00904,0.00017,-0.00576,0.00361
52773308,2022/09/17 22:00:00,PST Zandvliet 1 OPPOSITE,PST Zandvliet 2,1434.0,0.0,-34.0723110000001,1468.0723110000001,0.08552,-0.03316,0.00441,0.18148,-0.00633,-0.01416,0.07926,0.00344,-0.00146,-0.16996,-0.00904,-0.00017,0.00576,-0.00361
52773861,2022/09/17 22:00:00,PST Van Eyck 2 OPPOSITE,Alegro HVDC,1058.0,0.0,-152.28141899999994,1210.281419,0.0,0.0,0.00451,0.22487,-0.00679,-0.01406,0.08062,0.00367,-0.00157,-0.04227,-0.00941,-0.00018,0.00615,-0.00383
52774676,2022/09/17 22:00:00,Hradec - Rohrsdorf - V446  DIRECT,Hradec - Rohrsdorf - V445  Hradec - Rohrsdorf 445,2183.0,0.0,77.41465999999969,2105.5853400000005,-0.1803,-0.18467,-0.05421,-0.17883,0.14249,-0.18714,-0.16598,-0.01235,0.00898,-0.18478,-0.06852,0.00095,-0.02245,0.01578
52774706,2022/09/17 22:00:00,Liskovec - P. Bystrica  DIRECT,Nosovice - Varin  Nosovice - Varin,182.0,0.0,66.09074200000003,115.90925799999997,0.02247,0.02276,0.01561,0.02237,0.0252,0.02289,0.02146,0.00538,-0.00165,0.02276,0.03697,-0.00025,0.00823,-0.02001
52774764,2022/09/17 22:00:00,Sokolnice - Senice  DIRECT,Krizovany - Sokolnice Sokolnice - Krizovany,245.0,0.0,55.78171400000002,189.21828599999998,0.01924,0.01937,0.01884,0.0192,0.02752,0.01964,0.01881,0.00631,-0.00321,0.01933,0.01166,-0.00041,0.00994,-0.03026
52774765,2022/09/17 22:00:00,Sokolnice - Senice  OPPOSITE,Krizovany - Sokolnice Sokolnice - Krizovany,285.0,0.0,-55.78171400000002,340.781714,-0.01924,-0.01937,-0.01884,-0.0192,-0.02752,-0.01964,-0.01881,-0.00631,0.00321,-0.01933,-0.01166,0.00041,-0.00994,0.03026
52775000,2022/09/17 22:00:00,Y-St.Peter (-Altheim - Simbach) 233/230 OPPOSITE,St. Peter 2 - Simbach 234_230 St. Peter - Altheim_Simbach 234_230 Y-Altheim (-Simbach - St. Peter) 234/230  Y-Simbach (-Altheim - St. Peter) 234/230,279.0,0.0,-120.570344,399.570344,-0.04963,-0.05063,0.01363,-0.04935,-0.01739,-0.04899,-0.0466,0.0005,0.0013,-0.0502,-0.02253,0.00011,-0.00032,-0.00378
52775014,2022/09/17 22:00:00,Y-St.Peter (-Altheim - Simbach) 234/230 OPPOSITE,St. Peter 2 - Altheim 233_230 St. Peter - Altheim_Simbach 233_230 Y-Altheim (-Simbach - St. Peter) 233/230 Y-Simbach (-Altheim - St.Peter) 233/230,279.0,0.0,-120.56148400000001,399.561484,-0.04963,-0.05063,0.01363,-0.04935,-0.01739,-0.04899,-0.0466,0.0005,0.0013,-0.0502,-0.02253,0.00011,-0.00033,-0.00378
52775799,2022/09/17 22:00:00,Laufenburg - Trossingen rt OPPOSITE,Y-Engstlatt (-Kuehmoos - Villingen) gn Y-Kuehmoos (-Engstlatt - Villingen) gn Y-Villingen (-Engstlatt - Kuehmoss) gn,523.0,0.0,383.519091,139.480909,-0.01482,0.00325,-0.00142,-0.01985,0.01404,0.01116,-0.0611,-0.00786,0.00374,-0.00302,0.01373,0.00043,-0.01349,0.00758
52775850,2022/09/17 22:00:00,Hoheneck - Pulverdingen ws DIRECT,Buerstadt - Lambsheim BUERST W,776.0,0.0,301.983022,474.016978,-0.01144,0.02546,0.0135,-0.02111,0.0091,-0.01349,-0.08118,-0.00717,0.00366,0.01242,0.00917,0.00042,-0.01256,0.00619
52775912,2022/09/17 22:00:00,PST Buers BMT37 OPPOSITE,Westtirol 1 - Westtirol 2 WTRHU41,113.0,0.0,191.79537100000002,-78.79537100000002,0.00583,0.01056,-0.0336,0.0045,0.00782,0.01798,-0.00774,-0.00361,0.00161,0.00882,0.00811,0.00018,-0.00602,0.00387
52775933,2022/09/17 22:00:00,Grossgartach - Kupferzell ws OPPOSITE,Grafenrheinfeld - Hoepfingen ge (411) Grafenrheinfeld - Hoepfingen ge,411.0,0.0,268.29122499999994,142.70877500000006,-0.05563,-0.04423,-0.02615,-0.05932,0.02307,-0.03581,-0.08392,-0.00986,0.00429,-0.04393,0.02281,0.0005,-0.01649,0.01064
52776006,2022/09/17 22:00:00,Buers - Meiningen gn (406A) DIRECT,Walgau - Werben 405B,459.0,0.0,210.36759100000003,248.63240899999997,-0.03905,-0.03147,0.04349,-0.04124,0.00054,-0.0036,-0.06007,-0.00311,0.00206,-0.0336,-0.00387,0.00024,-0.00597,0.00149
52776370,2022/09/17 22:00:00,Urberach - Grosskrotzenburg UMAIN N2 OPPOSITE,Dettingen - Grosskrotzenburg UMAIN S1 Dettingen - Grosskrotzenburg UMAIN S1,514.0,0.0,403.6103799999999,110.3896200000001,-0.05754,-0.04738,-0.02291,-0.06173,0.01929,-0.0079,-0.08402,-0.00878,0.00368,-0.04026,0.02327,0.00043,-0.0146,0.0096
52776822,2022/09/17 22:00:00,Buerstadt - Lambsheim BUERST W DIRECT,Y-Niederstedem (-Dahlem - Oberzier) SELHN W Y-Oberzier (-Dahlem - Niederstedem) SELHN W,1044.0,0.0,694.662106,349.337894,-0.0507,0.01766,-0.01347,-0.06814,0.02066,0.0056,-0.14085,-0.01085,0.00478,-0.0022,0.02532,0.00056,-0.01828,0.01118
52779749,2022/09/17 22:00:00,Ensdorf - Vigy VIGY2 S OPPOSITE,Ensdorf - Vigy VIGY1 N Ensdorf - Vigy VIGY1 N,1499.0,0.0,-917.03014,2416.03014,0.07143,-0.06242,0.00564,0.10107,-0.01586,-0.0214,0.19004,0.00858,-0.00386,-0.00022,-0.01878,-0.00045,0.01453,-0.00867
52780001,2022/09/17 22:00:00,Maasbracht - Oberzier 380 white DIRECT,Maasbracht - Siersdorf 380 black Maasbracht - Siersdorf 380 black,1118.0,0.0,143.72333400000002,974.276666,0.2982,-0.17478,-0.00032,0.25336,-0.00449,0.00063,0.08241,0.00232,-0.00111,0.28593,-0.00384,-0.00013,0.00399,-0.00226
52780847,2022/09/17 22:00:00,Daxlanden - Weingarten GERMHM S OPPOSITE,Hoheneck - Pulverdingen ws Hoheneck - Pulverdingen HO PU WS,691.0,0.0,120.71585999999999,570.28414,0.06645,0.09577,-0.01463,0.05898,0.01443,0.00011,-0.00891,-0.0078,0.00329,0.0799,0.02089,0.00039,-0.01303,0.00823
52781615,2022/09/17 22:00:00,PST Gronau TR 441 E OPPOSITE,Gronau - Kusenhorst HAMALD,618.0,0.0,328.21770499999997,289.78229500000003,-0.10354,-0.0635,-0.00914,-0.1028,0.00716,0.0114,-0.05852,-0.00412,0.00159,-0.1792,0.01372,0.00019,-0.00677,0.00453
52783796,2022/09/17 22:00:00,Y-Oberzier (-Paffendorf - Sechtem) SECHTM S DIRECT,Y-Oberzier (-Paffendorf - Sechtem) SECHTM N Y-Paffendorf (-Oberzier - Sechtem) SECHTM N Y-Sechtem (-Oberzier - Paffendorf) SECHTM N,1947.0,0.0,-803.3887470000002,2750.388747,0.24697,0.47543,0.00933,0.22158,-0.01282,-0.01875,0.12859,0.0067,-0.00288,0.20238,-0.01694,-0.00034,0.01123,-0.00702
52785134,2022/09/17 22:00:00,Hradec - Rohrsdorf 446 OPPOSITE,Hradec - Rohrsdorf - V445  Hradec - Rohrsdorf 445,886.0,0.0,-77.41465999999969,963.4146599999997,0.1803,0.18467,0.05421,0.17883,-0.14249,0.18714,0.16598,0.01235,-0.00898,0.18478,0.06852,-0.00095,0.02245,-0.01578
52785154,2022/09/17 22:00:00,Mecklar - Eisenach 450  OPPOSITE,Mecklar - Vieselbach 449  Mecklar - Vieselbach 449,556.0,0.0,218.2534009999999,337.74659900000006,-0.12127,-0.12975,-0.02531,-0.11903,0.02395,-0.05895,-0.10238,-0.00937,0.00388,-0.12628,0.02445,0.00046,-0.01552,0.01058
52785228,2022/09/17 22:00:00,Bertikow - Neuenhagen 304-303 DIRECT,Pasewalk - Vierraden 306,161.0,0.0,38.764853000000016,122.23514699999998,0.04301,0.044,0.01914,0.04259,0.00849,0.04142,0.03909,0.00653,-0.00125,0.04458,-0.05043,-0.00018,0.00998,-0.0072
52785338,2022/09/17 22:00:00,Dresden/Sued - Schmoelln 555 OPPOSITE,Dresden/Sued - Schmoelln 556,524.0,0.0,-132.623635,656.623635,-0.01619,-0.01556,-0.02127,-0.01659,-0.04731,-0.02943,-0.01943,-0.00791,9e-05,-0.01429,0.09612,0.0001,-0.01126,0.00919
52785474,2022/09/17 22:00:00,L 400kV N0 1 AVELIN-MASTAING DIRECT,L 400kV N0 2 AVELIN - MASTAING,974.0,0.0,-1105.659894,2079.659894,-0.07456,-0.03901,0.00232,-0.09451,-0.00727,-0.01427,0.16213,0.00399,-0.00176,-0.0609,-0.0093,-0.00021,0.00674,-0.00407
52785499,2022/09/17 22:00:00,220 kV Brinje - VE Padene DIRECT,400 kV Konjsko - Velebit 419,193.0,0.0,-0.4037110000000226,193.40371100000002,0.04902,0.04868,0.04908,0.04912,0.04413,0.04826,0.05018,0.03105,0.03474,0.04873,0.04203,0.00564,0.06636,0.03923
52785501,2022/09/17 22:00:00,220 kV Brinje - VE Padene DIRECT,400 kV Melina - Velebit 434,186.0,0.0,-2.424274000000004,188.424274,0.04902,0.04868,0.04908,0.04912,0.04413,0.04826,0.05018,0.02644,0.03474,0.04873,0.04203,0.00564,0.06636,0.03923
52785515,2022/09/17 22:00:00,Pehlin - Divaca DIRECT,Melina - Divaca 400 kV Divaca - Melina,334.0,0.0,81.91359999999997,252.08640000000003,-0.04723,-0.0464,-0.0424,-0.04749,-0.03545,-0.04518,-0.05011,0.06887,-0.02278,-0.04655,-0.03403,-0.00318,-0.09498,-0.02852
52785516,2022/09/17 22:00:00,Pehlin - Divaca OPPOSITE,Melina - Divaca 400 kV Divaca - Melina,340.0,0.0,-81.91359999999997,421.9136,0.04723,0.0464,0.0424,0.04749,0.03545,0.04518,0.05011,-0.06887,0.02278,0.04655,0.03403,0.00318,0.09498,0.02852
52785521,2022/09/17 22:00:00,Mostar - Zakucac OPPOSITE,basecase,284.0,0.0,19.053398000000016,264.946602,0.02682,0.02661,0.02653,0.02689,0.0238,0.02634,0.02755,0.06279,0.01846,0.02665,0.02267,0.00293,0.03674,0.021
52785533,2022/09/17 22:00:00,Ernestinovo-S. Mitrovica DIRECT,Ugljevik - Ernestinovo,625.0,58.0,124.06551400000019,500.9344859999998,0.26135,0.26152,0.26709,0.26129,0.26527,0.26196,0.26073,0.2275,0.26465,0.26146,0.25721,0.00845,0.25684,0.25948
52785538,2022/09/17 22:00:00,Pecs - Ernestinovo1 491A DIRECT,Pecs - Ernestinovo2 491B Ernestinovo - Pecs 2,490.0,146.0,42.25758300000004,447.74241699999993,0.16951,0.17044,0.1696,0.16921,0.18509,0.17161,0.16631,0.00352,0.22072,0.17028,0.18441,0.01151,0.11308,0.19521
52785621,2022/09/17 22:00:00,400 kV Zerjavinec - Tumbri 477 OPPOSITE,basecase,1105.0,0.0,-115.36306799999991,1220.3630679999999,0.07409,0.07214,0.06892,0.07471,0.04506,0.06951,0.08083,0.05684,0.00591,0.07248,0.04034,-0.00239,0.21952,0.02434
52785993,2022/09/17 22:00:00,Gonyu - Gyor DIRECT,Gabcikovo - Gyor Gabcikovo - Gyor,790.0,0.0,165.07904000000002,624.9209599999999,-0.00487,-0.00261,-0.06977,-0.00562,0.03671,-0.00161,-0.01247,-0.08917,0.10158,-0.00264,0.0906,0.00507,-0.11014,0.19586
52785999,2022/09/17 22:00:00,Gonyu - Gyor DIRECT,Gabcikovo - Gonyu Gabcikovo - Gonyu,842.0,0.0,-270.413112,1112.413112,-0.06353,-0.06274,-0.09486,-0.0638,-0.05812,-0.06279,-0.06616,-0.06784,0.13374,-0.06268,-0.00938,0.00521,-0.09293,0.00397
52786009,2022/09/17 22:00:00,Gonyu - Gyor OPPOSITE,Gabcikovo - Gyor Gabcikovo - Gyor,1711.0,0.0,-165.07904000000002,1876.07904,0.00487,0.00261,0.06977,0.00562,-0.03671,0.00161,0.01247,0.08917,-0.10158,0.00264,-0.0906,-0.00507,0.11014,-0.19586
52786100,2022/09/17 22:00:00,Gyor - Neusiedl OPPOSITE,Gyor - Zurndorf Zurndorf - Gyoer 439B,135.0,0.0,52.41881700000003,82.58118299999997,0.02599,0.02592,0.04004,0.02602,0.02436,0.02614,0.02622,0.01301,-0.01255,0.02587,0.01397,-0.00105,0.02204,0.0036
52786418,2022/09/17 22:00:00,Gyor - Oroszlany DIRECT,Bicske Del - Gonyu,219.0,0.0,104.98011300000002,114.01988699999998,0.04644,0.04647,0.0572,0.04643,0.048,0.0468,0.04631,0.02281,-0.00571,0.0464,0.03516,-0.00245,0.03683,0.03168
52786420,2022/09/17 22:00:00,Gyor - Oroszlany DIRECT,Levice - God Levice - God,227.0,0.0,107.88123200000005,119.11876799999995,0.04559,0.04563,0.0558,0.04559,0.04705,0.04595,0.04546,0.0228,-0.00783,0.04557,0.03515,-0.00249,0.03609,0.03167
52786658,2022/09/17 22:00:00,Gabcikovo - Gonyu DIRECT,Gabcikovo - Gyor Gabcikovo - Gyor,1207.0,0.0,527.7975960000001,679.2024039999999,0.07302,0.07468,0.03605,0.07247,0.11487,0.07591,0.0674,-0.02006,-0.04709,0.07457,0.1174,-0.00053,-0.01347,0.22377
52786670,2022/09/17 22:00:00,Gabcikovo - Gonyu OPPOSITE,Gonyu - Gyor,978.0,0.0,-374.22302799999994,1352.2230279999999,-0.07,-0.07004,-0.07888,-0.07,-0.08093,-0.0705,-0.06986,-0.04031,0.10991,-0.06996,-0.0478,0.00382,-0.06014,-0.07585
52786677,2022/09/17 22:00:00,Gabcikovo - Gonyu OPPOSITE,Gabcikovo - Gyor Gabcikovo - Gyor,1287.0,0.0,-527.7975960000001,1814.797596,-0.07302,-0.07468,-0.03605,-0.07247,-0.11487,-0.07591,-0.0674,0.02006,0.04709,-0.07457,-0.1174,0.00053,0.01347,-0.22377
52786933,2022/09/17 22:00:00,Cirkovce - Heviz DIRECT,Zerjavinec - Heviz Zerjavinec - Heviz,1438.0,0.0,-95.242811,1533.242811,0.04435,0.04203,0.06262,0.04509,0.00406,0.03982,0.05225,0.12181,-0.06352,0.04234,-0.00588,-0.00683,0.2024,-0.03507
52786938,2022/09/17 22:00:00,Cirkovce - Heviz OPPOSITE,Zerjavinec - Heviz Zerjavinec - Heviz,588.0,0.0,95.242811,492.757189,-0.04435,-0.04203,-0.06262,-0.04509,-0.00406,-0.03982,-0.05225,-0.12181,0.06352,-0.04234,0.00588,0.00683,-0.2024,0.03507
52789089,2022/09/17 22:00:00,Zwolle - Hengelo 380 Wit DIRECT,Zwolle - Hengelo 380 Zwart,943.0,0.0,-251.13614599999997,1194.136146,0.06619,0.01907,0.00365,0.07628,-0.0037,-0.01029,0.03695,0.00205,-0.00083,0.2173,-0.00608,-0.0001,0.0034,-0.0022
52789713,2022/09/17 22:00:00,Liskovec - Bujakow  DIRECT,Liskovec - Kopanina,359.0,0.0,-21.098591,380.098591,-0.01018,-0.01062,0.00396,-0.01003,0.00814,-0.01034,-0.00869,0.00441,0.00236,-0.01069,-0.06896,0.00017,0.00516,0.00132
52789733,2022/09/17 22:00:00,Liskovec - Kopanina  DIRECT,Liskovec - Bujakow,395.0,0.0,-28.105829000000007,423.105829,-0.01322,-0.01372,0.00311,-0.01304,0.00717,-0.01344,-0.01148,0.00432,0.00252,-0.0138,-0.07601,0.00019,0.00493,0.00157
52790292,2022/09/17 22:00:00,Krosno Iskrzynia - Rzeszow DIRECT,Krosno Iskrzynia - Tarnow,1109.0,0.0,-265.63359500000007,1374.633595,-0.10552,-0.10691,-0.07135,-0.10504,-0.09005,-0.10686,-0.10075,-0.03209,-0.00425,-0.10699,-0.24689,-0.00015,-0.04436,0.00985
52790293,2022/09/17 22:00:00,Krosno Iskrzynia - Rzeszow OPPOSITE,Krosno Iskrzynia - Tarnow,849.0,0.0,265.63359500000007,583.366405,0.10552,0.10691,0.07135,0.10504,0.09005,0.10686,0.10075,0.03209,0.00425,0.10699,0.24689,0.00015,0.04436,-0.00985
52790555,2022/09/17 22:00:00,Mikulowa AT1 DIRECT,Mikulowa AT2,425.0,0.0,-47.246779000000004,472.246779,-0.04263,-0.04336,-0.02213,-0.04239,-0.01504,-0.04367,-0.04027,-0.00746,0.00134,-0.04329,0.10628,0.0002,-0.01131,0.00876
52790704,2022/09/17 22:00:00,Wielopole - Nosovice DIRECT,Albrechtice - Dobrzen  Dobrzen - Albrechtice,875.0,0.0,18.93206300000005,856.0679369999999,0.04914,0.0504,0.01565,0.04868,-0.03329,0.04881,0.0447,0.00047,-0.00719,0.05068,0.25075,-0.00078,0.0036,-0.02252
52790742,2022/09/17 22:00:00,Wielopole - Nosovice DIRECT,Nosovice - Albrechtice,861.0,0.0,55.86835100000004,805.1316489999999,0.04914,0.0504,0.01565,0.04868,-0.01667,0.04881,0.0447,0.00047,-0.00719,0.05068,0.25075,-0.00078,0.0036,-0.02252
52791348,2022/09/17 22:00:00,Paroseni - Targu Jiu Nord OPPOSITE,Portile de Fier - Resita c1 Portile de Fier - Resita c2,107.0,0.0,-24.621228000000023,131.62122800000003,-0.0393,-0.03935,-0.03917,-0.03928,-0.04012,-0.03941,-0.03912,-0.03229,-0.0435,-0.03934,-0.04033,0.01476,-0.0364,-0.04098
52791608,2022/09/17 22:00:00,Nadab - Bekescsaba OPPOSITE,Arad - Sandorfalva Arad - Sandorfalva,847.0,0.0,141.92483600000025,705.0751639999997,0.21589,0.21612,0.21572,0.21581,0.2199,0.21642,0.21508,0.18269,0.23725,0.21609,0.21972,-0.0955,0.2026,0.22315
52791617,2022/09/17 22:00:00,Portile de Fier - Djerdap DIRECT,Portile de Fier - Resita c1 Portile de Fier - Resita c2,634.0,0.0,-156.01133200000012,790.0113320000002,-0.08626,-0.08604,-0.0883,-0.08633,-0.0836,-0.08584,-0.08702,-0.11137,-0.07907,-0.08606,-0.07884,0.22083,-0.09849,-0.07753
52791620,2022/09/17 22:00:00,Portile de Fier - Djerdap DIRECT,Tantareni - Kozlodui c2 Tantareni - Kozlodui c1,779.0,0.0,-197.22203499999995,976.222035,0.04546,0.0458,0.04307,0.04536,0.04975,0.04612,0.04433,0.00628,0.05959,0.04576,0.05538,0.42245,0.02728,0.05782
52791629,2022/09/17 22:00:00,Portile de Fier - Djerdap OPPOSITE,Tantareni - Kozlodui c2 Tantareni - Kozlodui c1,1177.0,0.0,197.22203499999995,979.777965,-0.04546,-0.0458,-0.04307,-0.04536,-0.04975,-0.04612,-0.04433,-0.00628,-0.05959,-0.04576,-0.05538,-0.42245,-0.02728,-0.05782
52792000,2022/09/17 22:00:00,220 kV Obersielach - Podlog DIRECT,basecase,326.0,0.0,-72.27620600000003,398.276206,-0.03646,-0.03683,-0.07321,-0.03635,-0.03319,-0.03878,-0.03501,0.02889,-0.01566,-0.03664,-0.02913,-0.00164,0.04934,-0.02387
52792002,2022/09/17 22:00:00,400 kV Maribor - Kainachtal 1 OPPOSITE,Kainachtal - Maribor 474 400 kV Maribor - Kainachtal 2,1084.0,0.0,314.5718960000001,769.4281039999998,0.10185,0.10377,0.17055,0.10128,0.12108,0.10868,0.095,-0.08571,0.04906,0.10318,0.09684,0.00443,-0.13994,0.08587
52792007,2022/09/17 22:00:00,220 kV Obersielach - Podlog OPPOSITE,basecase,369.0,0.0,72.27620600000003,296.723794,0.03646,0.03683,0.07321,0.03635,0.03319,0.03878,0.03501,-0.02889,0.01566,0.03664,0.02913,0.00164,-0.04934,0.02387
52792071,2022/09/17 22:00:00,Krizovany - Sokolnice OPPOSITE,Sokolnice - Stupava  Sokolnice - Stupava,1182.0,0.0,365.5087280000001,816.491272,0.09809,0.09872,0.09802,0.09791,0.16171,0.10025,0.09601,0.03092,-0.01682,0.09848,0.04942,-0.00197,0.04921,-0.06306
52792082,2022/09/17 22:00:00,Levice - God DIRECT,R.Sobota - Sajoivanka  R.Sobota - Sajoivanka,902.0,0.0,453.4756839999999,448.5243160000001,0.15064,0.15156,0.13865,0.15034,0.16862,0.15241,0.14752,0.07017,0.00481,0.15146,0.17053,-0.00868,0.09907,0.19845
52792093,2022/09/17 22:00:00,V.Kapusany - Mukachevo (WPS) DIRECT,R.Sobota - Sajoivanka  R.Sobota - Sajoivanka,1071.0,0.0,426.71855800000037,644.2814419999996,0.16929,0.17051,0.14468,0.16889,0.17252,0.171,0.16515,0.08715,0.04159,0.17049,0.24343,0.00425,0.11023,0.22751
52792095,2022/09/17 22:00:00,Nosovice - Varin DIRECT,Krizovany - Sokolnice Sokolnice - Krizovany,1304.0,0.0,-486.8947539999999,1790.894754,-0.15035,-0.15272,-0.08807,-0.14955,-0.16149,-0.15374,-0.14232,-0.02577,0.01266,-0.1527,-0.23214,0.00165,-0.04161,0.06488
52792096,2022/09/17 22:00:00,Nosovice - Varin DIRECT,Lemesany - Krosno Iskrz 1 Lemesany - Krosno Iskrz 1,1307.0,0.0,-477.4645080000001,1784.464508,-0.15078,-0.15324,-0.08511,-0.14996,-0.15441,-0.15411,-0.14249,-0.02552,0.01084,-0.15324,-0.25071,0.00144,-0.04072,0.06013
52792097,2022/09/17 22:00:00,Nosovice - Varin DIRECT,Lemesany - Krosno Iskrz 2 Lemesany - Krosno Iskrz 2,1307.0,0.0,-477.4083480000001,1784.4083480000002,-0.15079,-0.15324,-0.08512,-0.14996,-0.15441,-0.15411,-0.1425,-0.02553,0.01084,-0.15325,-0.25072,0.00144,-0.04072,0.06013
52792099,2022/09/17 22:00:00,Nosovice - Varin DIRECT,Sp.Nova Ves - Lemesany,1286.0,0.0,-411.03179,1697.03179,-0.12574,-0.12802,-0.0635,-0.12497,-0.1263,-0.12874,-0.11804,-0.01304,0.01564,-0.12804,-0.22418,0.00185,-0.02468,0.08424
52792107,2022/09/17 22:00:00,Gabcikovo - P.Biskupice DIRECT,V.Dur - Krizovany,1531.0,0.0,-666.4937980000001,2197.493798,-0.13727,-0.139,-0.10757,-0.13672,-0.20302,-0.14085,-0.13148,-0.01894,0.0346,-0.13877,-0.14545,0.00264,-0.03909,-0.20296
52792143,2022/09/17 22:00:00,V.Dur - Levice 2 DIRECT,V.Dur - Levice 1,714.0,0.0,363.04628100000014,350.95371899999986,0.1533,0.1537,0.15705,0.15319,0.17845,0.15464,0.15199,0.09258,0.02313,0.15355,0.11986,-0.0061,0.12339,0.11649
52792150,2022/09/17 22:00:00,Krizovany - Sokolnice DIRECT,Sokolnice - Stupava  Sokolnice - Stupava,1314.0,0.0,-365.5087280000001,1679.508728,-0.09809,-0.09872,-0.09802,-0.09791,-0.16171,-0.10025,-0.09601,-0.03092,0.01682,-0.09848,-0.04942,0.00197,-0.04921,0.06306
52792165,2022/09/17 22:00:00,Sokolnice - Stupava OPPOSITE,Krizovany - Sokolnice Sokolnice - Krizovany,1129.0,0.0,370.15695000000005,758.84305,0.09675,0.0975,0.09237,0.09652,0.15764,0.09899,0.09424,0.02618,-0.01893,0.09727,0.05883,-0.00187,0.0434,-0.0666
52792172,2022/09/17 22:00:00,V.Kapusany - Mukachevo (WPS) OPPOSITE,R.Sobota - Sajoivanka  R.Sobota - Sajoivanka,889.0,0.0,-426.71855800000037,1315.7185580000005,-0.16929,-0.17051,-0.14468,-0.16889,-0.17252,-0.171,-0.16515,-0.08715,-0.04159,-0.17049,-0.24343,-0.00425,-0.11023,-0.22751
52792174,2022/09/17 22:00:00,Nosovice - Varin OPPOSITE,Krizovany - Sokolnice Sokolnice - Krizovany,840.0,0.0,486.8947539999999,353.1052460000001,0.15035,0.15272,0.08807,0.14955,0.16149,0.15374,0.14232,0.02577,-0.01266,0.1527,0.23214,-0.00165,0.04161,-0.06488
52792175,2022/09/17 22:00:00,Nosovice - Varin OPPOSITE,Lemesany - Krosno Iskrz 1 Lemesany - Krosno Iskrz 1,837.0,0.0,477.4645080000001,359.5354919999999,0.15078,0.15324,0.08511,0.14996,0.15441,0.15411,0.14249,0.02552,-0.01084,0.15324,0.25071,-0.00144,0.04072,-0.06013
52792176,2022/09/17 22:00:00,Nosovice - Varin OPPOSITE,Lemesany - Krosno Iskrz 2 Lemesany - Krosno Iskrz 2,837.0,0.0,477.4083480000001,359.5916519999999,0.15079,0.15324,0.08512,0.14996,0.15441,0.15411,0.1425,0.02553,-0.01084,0.15325,0.25072,-0.00144,0.04072,-0.06013
52792177,2022/09/17 22:00:00,Nosovice - Varin OPPOSITE,Sokolnice - Stupava  Sokolnice - Stupava,833.0,0.0,478.7600220000002,354.2399779999998,0.14771,0.15009,0.08468,0.14691,0.15681,0.15107,0.13966,0.02418,-0.01262,0.15008,0.23258,-0.00158,0.03939,-0.06396
52792178,2022/09/17 22:00:00,Nosovice - Varin OPPOSITE,Sp.Nova Ves - Lemesany,858.0,0.0,411.03179,446.96821,0.12574,0.12802,0.0635,0.12497,0.1263,0.12874,0.11804,0.01304,-0.01564,0.12804,0.22418,-0.00185,0.02468,-0.08424
52792186,2022/09/17 22:00:00,Gabcikovo - P.Biskupice OPPOSITE,V.Dur - Krizovany,1353.0,0.0,666.4937980000001,686.5062019999999,0.13727,0.139,0.10757,0.13672,0.20302,0.14085,0.13148,0.01894,-0.0346,0.13877,0.14545,-0.00264,0.03909,0.20296
52792216,2022/09/17 22:00:00,V.Dur - Krizovany OPPOSITE,Gabcikovo - P.Biskupice,1162.0,0.0,587.8986650000002,574.1013349999998,0.13538,0.13672,0.11574,0.13496,0.19347,0.13838,0.13088,0.03389,-0.02364,0.1365,0.12784,-0.00317,0.05587,0.1835
52792258,2022/09/17 22:00:00,External Constraint BE_AL_export,basecase,1000.0,0.0,805.7,194.29999999999995,1.0,0.0,0.0,0.0,0.0,0.0,0.0,0.0,0.0,0.0,0.0,0.0,0.0,0.0
52792259,2022/09/17 22:00:00,External Constraint BE_AL_import,basecase,1000.0,0.0,-805.7,1805.7,-1.0,0.0,0.0,0.0,0.0,0.0,0.0,0.0,0.0,0.0,0.0,0.0,0.0,0.0
52792260,2022/09/17 22:00:00,External Constraint DE_AL_export,basecase,1000.0,0.0,-805.7,1805.7,0.0,1.0,0.0,0.0,0.0,0.0,0.0,0.0,0.0,0.0,0.0,0.0,0.0,0.0
52792261,2022/09/17 22:00:00,External Constraint DE_AL_import,basecase,1000.0,0.0,805.7,194.29999999999995,0.0,-1.0,0.0,0.0,0.0,0.0,0.0,0.0,0.0,0.0,0.0,0.0,0.0,0.0
52792263,2022/09/17 22:00:00,External Constraint NL_import,basecase,5750.0,0.0,646.1,5103.9,0.0,0.0,0.0,0.0,0.0,0.0,0.0,0.0,0.0,-1.0,0.0,0.0,0.0,0.0
52785533,2022/09/17 22:00:00,Ernestinovo-S. Mitrovica DIRECT,Ugljevik - Ernestinovo,683.0,58.0,124.06551400000019,558.9344859999998,0.26135,0.26152,0.26709,0.26129,0.26527,0.26196,0.26073,0.2275,0.26465,0.26146,0.25721,0.00845,0.25684,0.25948
52785538,2022/09/17 22:00:00,Pecs - Ernestinovo1 491A DIRECT,Pecs - Ernestinovo2 491B Ernestinovo - Pecs 2,636.0,146.0,42.25758300000003,593.7424169999999,0.16951,0.17044,0.1696,0.16921,0.18509,0.17161,0.16631,0.00352,0.22072,0.17028,0.18441,0.01151,0.11308,0.19521
